email,password,fila,numero
cliente1@email.com,password1,A,1
cliente2@email.com,password2,A,2
cliente3@email.com,password3,A,3
cliente1@email.com,password1,A,4
cliente2@email.com,password2,A,5
cliente3@email.com,password3,A,6
cliente1@email.com,password1,A,7
cliente2@email.com,password2,A,8
cliente3@email.com,password3,A,9
cliente1@email.com,password1,A,10
cliente2@email.com,password2,A,11
cliente3@email.com,password3,A,12
cliente1@email.com,password1,A,13
cliente2@email.com,password2,A,14
cliente3@email.com,password3,A,15
cliente1@email.com,password1,A,16
cliente2@email.com,password2,A,17
cliente3@email.com,password3,A,18
cliente1@email.com,password1,A,19
cliente2@email.com,password2,A,20
cliente3@email.com,password3,B,1
cliente1@email.com,password1,B,2
cliente2@email.com,password2,B,3
cliente3@email.com,password3,B,4
cliente1@email.com,password1,B,5
cliente2@email.com,password2,B,6
cliente3@email.com,password3,B,7
cliente1@email.com,password1,B,8
cliente2@email.com,password2,B,9
cliente3@email.com,password3,B,10
cliente1@email.com,password1,B,11
cliente2@email.com,password2,B,12
cliente3@email.com,password3,B,13
cliente1@email.com,password1,B,14
cliente2@email.com,password2,B,15
cliente3@email.com,password3,B,16
cliente1@email.com,password1,B,17
cliente2@email.com,password2,B,18
cliente3@email.com,password3,B,19
cliente1@email.com,password1,B,20
cliente2@email.com,password2,C,1
cliente3@email.com,password3,C,2
cliente1@email.com,password1,C,3
cliente2@email.com,password2,C,4
cliente3@email.com,password3,C,5
cliente1@email.com,password1,C,6
cliente2@email.com,password2,C,7
cliente3@email.com,password3,C,8
cliente1@email.com,password1,C,9
cliente2@email.com,password2,C,10
cliente3@email.com,password3,C,11
cliente1@email.com,password1,C,12
cliente2@email.com,password2,C,13
cliente3@email.com,password3,C,14
cliente1@email.com,password1,C,15
cliente2@email.com,password2,C,16
cliente3@email.com,password3,C,17
cliente1@email.com,password1,C,18
cliente2@email.com,password2,C,19
cliente3@email.com,password3,C,20
cliente1@email.com,password1,D,1
cliente2@email.com,password2,D,2
cliente3@email.com,password3,D,3
cliente1@email.com,password1,D,4
cliente2@email.com,password2,D,5
cliente3@email.com,password3,D,6
cliente1@email.com,password1,D,7
cliente2@email.com,password2,D,8
cliente3@email.com,password3,D,9
cliente1@email.com,password1,D,10
cliente2@email.com,password2,D,11
cliente3@email.com,password3,D,12
cliente1@email.com,password1,D,13
cliente2@email.com,password2,D,14
cliente3@email.com,password3,D,15
cliente1@email.com,password1,D,16
cliente2@email.com,password2,D,17
cliente3@email.com,password3,D,18
cliente1@email.com,password1,D,19
cliente2@email.com,password2,D,20
cliente3@email.com,password3,E,1
cliente1@email.com,password1,E,2
cliente2@email.com,password2,E,3
cliente3@email.com,password3,E,4
cliente1@email.com,password1,E,5
cliente2@email.com,password2,E,6
cliente3@email.com,password3,E,7
cliente1@email.com,password1,E,8
cliente2@email.com,password2,E,9
cliente3@email.com,password3,E,10
cliente1@email.com,password1,E,11
cliente2@email.com,password2,E,12
cliente3@email.com,password3,E,13
cliente1@email.com,password1,E,14
cliente2@email.com,password2,E,15
cliente3@email.com,password3,E,16
cliente1@email.com,password1,E,17
cliente2@email.com,password2,E,18
cliente3@email.com,password3,E,19
cliente1@email.com,password1,E,20
cliente2@email.com,password2,F,1
cliente3@email.com,password3,F,2
cliente1@email.com,password1,F,3
cliente2@email.com,password2,F,4
cliente3@email.com,password3,F,5
cliente1@email.com,password1,F,6
cliente2@email.com,password2,F,7
cliente3@email.com,password3,F,8
cliente1@email.com,password1,F,9
cliente2@email.com,password2,F,10
cliente3@email.com,password3,F,11
cliente1@email.com,password1,F,12
cliente2@email.com,password2,F,13
cliente3@email.com,password3,F,14
cliente1@email.com,password1,F,15
cliente2@email.com,password2,F,16
cliente3@email.com,password3,F,17
cliente1@email.com,password1,F,18
cliente2@email.com,password2,F,19
cliente3@email.com,password3,F,20
cliente1@email.com,password1,G,1
cliente2@email.com,password2,G,2
cliente3@email.com,password3,G,3
cliente1@email.com,password1,G,4
cliente2@email.com,password2,G,5
cliente3@email.com,password3,G,6
cliente1@email.com,password1,G,7
cliente2@email.com,password2,G,8
cliente3@email.com,password3,G,9
cliente1@email.com,password1,G,10
cliente2@email.com,password2,G,11
cliente3@email.com,password3,G,12
cliente1@email.com,password1,G,13
cliente2@email.com,password2,G,14
cliente3@email.com,password3,G,15
cliente1@email.com,password1,G,16
cliente2@email.com,password2,G,17
cliente3@email.com,password3,G,18
cliente1@email.com,password1,G,19
cliente2@email.com,password2,G,20
cliente3@email.com,password3,H,1
cliente1@email.com,password1,H,2
cliente2@email.com,password2,H,3
cliente3@email.com,password3,H,4
cliente1@email.com,password1,H,5
cliente2@email.com,password2,H,6
cliente3@email.com,password3,H,7
cliente1@email.com,password1,H,8
cliente2@email.com,password2,H,9
cliente3@email.com,password3,H,10
cliente1@email.com,password1,H,11
cliente2@email.com,password2,H,12
cliente3@email.com,password3,H,13
cliente1@email.com,password1,H,14
cliente2@email.com,password2,H,15
cliente3@email.com,password3,H,16
cliente1@email.com,password1,H,17
cliente2@email.com,password2,H,18
cliente3@email.com,password3,H,19
cliente1@email.com,password1,H,20
cliente2@email.com,password2,I,1
cliente3@email.com,password3,I,2
cliente1@email.com,password1,I,3
cliente2@email.com,password2,I,4
cliente3@email.com,password3,I,5
cliente1@email.com,password1,I,6
cliente2@email.com,password2,I,7
cliente3@email.com,password3,I,8
cliente1@email.com,password1,I,9
cliente2@email.com,password2,I,10
cliente3@email.com,password3,I,11
cliente1@email.com,password1,I,12
cliente2@email.com,password2,I,13
cliente3@email.com,password3,I,14
cliente1@email.com,password1,I,15
cliente2@email.com,password2,I,16
cliente3@email.com,password3,I,17
cliente1@email.com,password1,I,18
cliente2@email.com,password2,I,19
cliente3@email.com,password3,I,20
cliente1@email.com,password1,J,1
cliente2@email.com,password2,J,2
cliente3@email.com,password3,J,3
cliente1@email.com,password1,J,4
cliente2@email.com,password2,J,5
cliente3@email.com,password3,J,6
cliente1@email.com,password1,J,7
cliente2@email.com,password2,J,8
cliente3@email.com,password3,J,9
cliente1@email.com,password1,J,10
cliente2@email.com,password2,J,11
cliente3@email.com,password3,J,12
cliente1@email.com,password1,J,13
cliente2@email.com,password2,J,14
cliente3@email.com,password3,J,15
cliente1@email.com,password1,J,16
cliente2@email.com,password2,J,17
cliente3@email.com,password3,J,18
cliente1@email.com,password1,J,19
cliente2@email.com,password2,J,20

